time_s,altitude_m,radius_m,temperature_k,yield_kt,initial_hob_m
0.023658421116648003,30.0,158.54856540580826,299999.9682988167,21.0,30.0
